id,srno,committeeName,status,house,Date
1,2353,"Transport, Tourism and Culture",Member,Rajya Sabha,2025-09-26
2,2353,Privileges,Member,Rajya Sabha,2025-10-31
3,2353,"Joint Committee on the Multi-State Co-operative Societies (Amendment) Bill, 2022",Member,Lok Sabha,2022-12-29
4,2353,Public Undertakings,Member,Lok Sabha,2025-05-01
5,2360,Committee in the Rajya Sabha to study the alarming issue of pornography on social media and its effect on children and society as a whole,Member,Rajya Sabha,2019-12-12
6,1034,"Science and Technology, Environment, Forests and Climate Change",Chairman,Rajya Sabha,2025-09-26
7,1034,Rules,Member,Rajya Sabha,2025-11-10
8,1034,General Purposes Committee,Member,Rajya Sabha,2025-11-13
9,1034,"Joint Committee on the Constitution (One Hundred and Twenty-Ninth Amendment) Bill, 2024 and the Union Territories Laws (Amendment) Bill, 2024",Member,Lok Sabha,2024-12-23
10,2372,Committee in the Rajya Sabha to study the alarming issue of pornography on social media and its effect on children and society as a whole,Member,Rajya Sabha,2019-12-12
11,2372,Ethics,Member,Rajya Sabha,2024-10-10
12,2372,Business Advisory Committee,Member,Rajya Sabha,2024-11-25
13,2372,Home Affairs,Member,Rajya Sabha,2025-09-26
14,2372,General Purposes Committee,Member,Rajya Sabha,2025-11-13
15,2372,"Joint Committee on the Constitution (One Hundred and Twenty-Ninth Amendment) Bill, 2024 and the Union Territories Laws (Amendment) Bill, 2024",Member,Lok Sabha,2024-12-23
16,2372,"Joint Committee on the Waqf (Amendment) Bill, 2024",Member,Lok Sabha,2024-08-13
17,109,Rules,Member,Rajya Sabha,2024-12-31
18,109,Health and Family Welfare,Chairman,Rajya Sabha,2025-09-26
19,109,General Purposes Committee,Member,Rajya Sabha,2025-11-13
20,109,"Joint Committee on the Biological Diversity (Amendment) Bill, 2021",Member,Lok Sabha,2021-12-20
21,109,"Joint Committee on the Personal Data Protection Bill, 2019",Member,Lok Sabha,2021-08-05
22,2374,Petitions,Chairman,Rajya Sabha,2024-10-22
23,2374,General Purposes Committee,Member,Rajya Sabha,2025-11-13
24,2374,Finance,Member,Lok Sabha,2025-09-26
25,2374,"Joint Committee on the Jan Vishwas (Amendment of Provisions) Bill, 2022",Member,Lok Sabha,2022-12-22
26,2377,Chemicals & Fertilizers,Member,Lok Sabha,2025-09-26
27,2379,Information and Communication Technology Management in Rajya Sabha,Member,Rajya Sabha,2024-10-23
28,2379,Petroleum & Natural Gas,Member,Lok Sabha,2025-09-26
29,1929,"Labour, Textiles and Skill Development",Member,Lok Sabha,2025-09-26
30,2381,Committee in the Rajya Sabha to study the alarming issue of pornography on social media and its effect on children and society as a whole,Member,Rajya Sabha,2019-12-12
31,2384,House Committee,Member,Rajya Sabha,2024-04-02
32,2384,Housing and Urban Affairs,Member,Lok Sabha,2025-09-26
33,2386,"Joint Committee on the Waqf (Amendment) Bill, 2024",Member,Lok Sabha,2024-08-13
34,2386,"Labour, Textiles and Skill Development",Member,Lok Sabha,2025-09-26
35,1935,Committee in the Rajya Sabha to study the alarming issue of pornography on social media and its effect on children and society as a whole,Chairman,Rajya Sabha,2019-12-12
36,1935,Business Advisory Committee,Member,Rajya Sabha,2024-11-25
37,1935,"Science and Technology, Environment, Forests and Climate Change",Member,Rajya Sabha,2025-09-26
38,1935,"Joint Committee on the Personal Data Protection Bill, 2019",Member,Lok Sabha,2019-12-11
39,2396,"Joint Committee on the Biological Diversity (Amendment) Bill, 2021",Member,Lok Sabha,2021-12-20
40,1945,Home Affairs,Member,Rajya Sabha,2025-09-26
41,2398,"Joint Committee on the Forest (Conservation) Amendment Bill, 2023",Member,Lok Sabha,2023-03-29
42,2400,"Joint Committee on the Jan Vishwas (Amendment of Provisions) Bill, 2022",Member,Lok Sabha,2022-12-22
43,138,"Science and Technology, Environment, Forests and Climate Change",Member,Rajya Sabha,2025-09-26
44,2404,"Joint Committee on the Forest (Conservation) Amendment Bill, 2023",Member,Lok Sabha,2023-03-29
45,2409,"Joint Committee on the Forest (Conservation) Amendment Bill, 2023",Member,Lok Sabha,2023-03-29
46,2413,"Joint Committee on the Forest (Conservation) Amendment Bill, 2023",Member,Lok Sabha,2023-03-29
47,1964,Committee in the Rajya Sabha to study the alarming issue of pornography on social media and its effect on children and society as a whole,Member,Rajya Sabha,2019-12-12
48,1964,Housing and Urban Affairs,Member,Lok Sabha,2025-09-26
49,2416,Subordinate Legislation,Member,Rajya Sabha,2024-10-22
50,2416,Industry,Member,Rajya Sabha,2025-09-26
51,2419,"Joint Committee on the Personal Data Protection Bill, 2019",Member,Lok Sabha,2021-08-05
52,2423,Ethics,Member,Rajya Sabha,2024-10-10
53,2423,General Purposes Committee,Member,Rajya Sabha,2025-11-13
54,2423,Communications and Information Technology,Member,Lok Sabha,2025-09-26
55,2423,Library Committee,Member,Lok Sabha,2023-10-09
56,2424,Committee in the Rajya Sabha to study the alarming issue of pornography on social media and its effect on children and society as a whole,Member,Rajya Sabha,2019-12-12
57,2424,"Joint Committee on the Biological Diversity (Amendment) Bill, 2021",Member,Lok Sabha,2021-12-20
58,2424,"Joint Committee on the Personal Data Protection Bill, 2019",Member,Lok Sabha,2019-12-11
59,2431,Energy,Member,Lok Sabha,2025-09-26
60,2431,"Joint Committee on the Constitution (One Hundred and Twenty-Ninth Amendment) Bill, 2024 and the Union Territories Laws (Amendment) Bill, 2024",Member,Lok Sabha,2024-12-23
61,2437,Chemicals & Fertilizers,Member,Lok Sabha,2025-09-26
62,2437,"Consumer Affairs, Food and Public Distribution",Member,Lok Sabha,2025-09-26
63,2437,Public Undertakings,Member,Lok Sabha,2025-05-01
64,2436,Privileges,Member,Rajya Sabha,2025-10-31
65,2436,Business Advisory Committee,Member,Rajya Sabha,2024-11-25
66,2436,Defence,Member,Lok Sabha,2025-09-26
67,2436,External Affairs,Member,Lok Sabha,2025-09-26
68,2436,"Joint Committee on the Personal Data Protection Bill, 2019",Member,Lok Sabha,2021-08-05
69,2436,Library Committee,Member,Lok Sabha,2023-10-09
70,2436,Public Accounts,Member,Lok Sabha,2025-05-01
71,2438,"Personnel, Public Grievances, Law and Justice",Member,Rajya Sabha,2025-09-26
72,2440,Commerce,Member,Rajya Sabha,2025-09-26
73,2440,Chemicals & Fertilizers,Member,Lok Sabha,2025-09-26
74,2440,Public Undertakings,Member,Lok Sabha,2025-05-01
75,2442,Communications and Information Technology,Member,Lok Sabha,2025-09-26
76,2441,Joint Committee on Salaries and Allowances of Members of Parliament,Member,Lok Sabha,2025-03-24
77,2441,Railways,Member,Lok Sabha,2025-09-26
78,175,Energy,Member,Lok Sabha,2025-09-26
79,175,External Affairs,Member,Lok Sabha,2025-09-26
80,2445,Empowerment of Women,Member,Lok Sabha,2025-04-21
81,2445,Energy,Member,Lok Sabha,2025-09-26
82,177,Committee in the Rajya Sabha to study the alarming issue of pornography on social media and its effect on children and society as a whole,Member,Rajya Sabha,2019-12-12
83,177,Ethics,Member,Rajya Sabha,2024-10-10
84,177,Subordinate Legislation,Member,Rajya Sabha,2024-10-22
85,177,Industry,Chairman,Rajya Sabha,2025-09-26
86,177,General Purposes Committee,Member,Rajya Sabha,2025-11-13
87,177,"Joint Committee on the Biological Diversity (Amendment) Bill, 2021",Member,Lok Sabha,2021-12-20
88,177,Public Accounts,Member,Lok Sabha,2025-05-01
89,2446,Privileges,Member,Rajya Sabha,2025-10-31
90,2446,Defence,Member,Lok Sabha,2025-09-26
91,2447,Subordinate Legislation,Member,Rajya Sabha,2025-11-10
92,2447,Communications and Information Technology,Member,Lok Sabha,2025-09-26
93,2447,"Joint Committee on the Jan Vishwas (Amendment of Provisions) Bill, 2022",Member,Lok Sabha,2022-12-22
94,2447,"Joint Committee on the Multi-State Co-operative Societies (Amendment) Bill, 2022",Member,Lok Sabha,2022-12-29
95,2449,Information and Communication Technology Management in Rajya Sabha,Member,Rajya Sabha,2024-10-23
96,2449,"Personnel, Public Grievances, Law and Justice",Member,Rajya Sabha,2025-09-26
97,2449,Joint Committee on Offices of Profit,Member,Lok Sabha,2024-10-08
98,2449,"Joint Committee on the Multi-State Co-operative Societies (Amendment) Bill, 2022",Member,Lok Sabha,2022-12-29
99,2451,Government Assurances,Chairman,Rajya Sabha,2024-10-22
100,2451,General Purposes Committee,Member,Rajya Sabha,2025-11-13
101,2451,Finance,Member,Lok Sabha,2025-09-26
102,2450,"Labour, Textiles and Skill Development",Member,Lok Sabha,2025-09-26
103,2454,"Education, Women, Children, Youth and Sports",Member,Rajya Sabha,2025-09-26
104,2456,"Coal, Mines and Steel",Member,Lok Sabha,2025-09-26
105,2457,Energy,Member,Lok Sabha,2025-09-26
106,2458,External Affairs,Member,Lok Sabha,2025-09-26
107,2460,"Joint Committee on the Forest (Conservation) Amendment Bill, 2023",Member,Lok Sabha,2023-03-29
108,2460,Social Justice & Empowerment,Member,Lok Sabha,2025-09-26
109,2460,Welfare of Scheduled Castes and Scheduled Tribes,Member,Lok Sabha,2025-05-01
110,2462,Petitions,Member,Rajya Sabha,2024-10-22
111,2462,Housing and Urban Affairs,Member,Lok Sabha,2025-09-26
112,2462,"Joint Committee on the Multi-State Co-operative Societies (Amendment) Bill, 2022",Member,Lok Sabha,2022-12-29
113,2010,Committee in the Rajya Sabha to study the alarming issue of pornography on social media and its effect on children and society as a whole,Member,Rajya Sabha,2019-12-12
114,2463,House Committee,Chairman,Rajya Sabha,2024-04-02
115,2463,"Science and Technology, Environment, Forests and Climate Change",Member,Rajya Sabha,2025-09-26
116,2463,General Purposes Committee,Member,Rajya Sabha,2025-11-13
117,2464,"Science and Technology, Environment, Forests and Climate Change",Member,Rajya Sabha,2025-09-26
118,2466,House Committee,Member,Rajya Sabha,2024-10-22
119,2466,General Purposes Committee,Member,Rajya Sabha,2025-11-13
120,2466,Business Advisory Committee,Member,Rajya Sabha,2025-11-20
121,2466,Chemicals & Fertilizers,Member,Lok Sabha,2025-09-26
122,2465,MPLADS,Member,Rajya Sabha,2024-10-23
123,2465,External Affairs,Member,Lok Sabha,2025-09-26
124,2469,Railways,Member,Lok Sabha,2025-09-26
125,2470,Defence,Member,Lok Sabha,2025-09-26
126,2470,Public Accounts,Member,Lok Sabha,2025-05-01
127,2471,Petitions,Member,Rajya Sabha,2024-10-22
128,2471,Government Assurances,Member,Rajya Sabha,2025-11-10
129,2471,"Agriculture, Animal Husbandry and Food Processing",Member,Lok Sabha,2025-09-26
130,2471,"Joint Committee on the Biological Diversity (Amendment) Bill, 2021",Member,Lok Sabha,2021-12-20
131,2472,Privileges,Member,Rajya Sabha,2025-10-31
132,2472,"Coal, Mines and Steel",Member,Lok Sabha,2025-09-26
133,2472,Joint Committee on Offices of Profit,Member,Lok Sabha,2024-10-08
134,2474,Privileges,Member,Rajya Sabha,2025-10-31
135,2474,Railways,Member,Lok Sabha,2025-09-26
136,2475,Papers Laid on the table,Member,Rajya Sabha,2025-11-10
137,2475,"Labour, Textiles and Skill Development",Member,Lok Sabha,2025-09-26
138,2476,Papers Laid on the table,Member,Rajya Sabha,2024-10-22
139,2476,Industry,Member,Rajya Sabha,2025-09-26
140,207,"Personnel, Public Grievances, Law and Justice",Member,Rajya Sabha,2025-09-26
141,208,Rules,Member,Rajya Sabha,2024-12-31
142,208,Finance,Member,Lok Sabha,2025-09-26
143,208,Public Accounts,Member,Lok Sabha,2025-05-01
144,2477,Government Assurances,Member,Rajya Sabha,2024-10-22
145,2477,Industry,Member,Rajya Sabha,2025-09-26
146,2477,Joint Committee on Salaries and Allowances of Members of Parliament,Member,Lok Sabha,2025-03-24
147,2477,Public Undertakings,Member,Lok Sabha,2025-05-01
148,2478,Petitions,Member,Rajya Sabha,2024-10-22
149,2478,Committee on Welfare of Other Backward Classes,Member,Lok Sabha,2025-09-09
150,2478,"Labour, Textiles and Skill Development",Member,Lok Sabha,2025-09-26
151,2029,Privileges,Member,Rajya Sabha,2025-10-31
152,2029,Rural Development and Panchayati Raj,Member,Lok Sabha,2025-12-23
153,2481,Petitions,Member,Rajya Sabha,2024-10-22
154,2481,Rural Development and Panchayati Raj,Member,Lok Sabha,2025-09-26
155,2482,General Purposes Committee,Member,Rajya Sabha,2025-11-13
156,2483,Papers Laid on the table,Member,Rajya Sabha,2024-10-22
157,2483,Water Resources,Member,Lok Sabha,2025-09-26
158,2487,Rural Development and Panchayati Raj,Member,Lok Sabha,2025-09-26
159,2487,Social Justice & Empowerment,Member,Lok Sabha,2025-09-26
160,2488,"Personnel, Public Grievances, Law and Justice",Chairman,Rajya Sabha,2025-09-26
161,2488,General Purposes Committee,Member,Rajya Sabha,2025-11-13
162,2488,JCCA and UTB,Member,Lok Sabha,2025-11-12
163,2488,"Joint Committee on the Waqf (Amendment) Bill, 2024",Member,Lok Sabha,2024-08-13
164,2489,Rules,Member,Rajya Sabha,2024-12-31
165,2489,Social Justice & Empowerment,Member,Lok Sabha,2025-09-26
166,2490,Industry,Member,Rajya Sabha,2025-09-26
167,2490,Water Resources,Member,Lok Sabha,2025-09-26
168,2493,Business Advisory Committee,Member,Rajya Sabha,2024-11-25
169,2493,Chemicals & Fertilizers,Member,Lok Sabha,2025-09-26
170,2493,Defence,Member,Lok Sabha,2025-09-26
171,2494,Papers Laid on the table,Member,Rajya Sabha,2024-10-22
172,2494,Social Justice & Empowerment,Member,Lok Sabha,2025-09-26
173,2497,Papers Laid on the table,Member,Rajya Sabha,2024-10-22
174,2497,"Consumer Affairs, Food and Public Distribution",Member,Lok Sabha,2025-09-26
175,2498,External Affairs,Member,Lok Sabha,2025-09-26
176,2498,Public Undertakings,Member,Lok Sabha,2025-05-01
177,2499,Committee on Welfare of Other Backward Classes,Member,Lok Sabha,2025-09-09
178,2499,Petroleum & Natural Gas,Member,Lok Sabha,2025-09-26
179,2499,Welfare of Scheduled Castes and Scheduled Tribes,Member,Lok Sabha,2025-05-01
180,2500,"Joint Committee on the Jan Vishwas (Amendment of Provisions) Bill, 2022",Member,Lok Sabha,2022-12-22
181,2501,"Joint Committee on the Biological Diversity (Amendment) Bill, 2021",Member,Lok Sabha,2021-12-20
182,2501,"Joint Committee on the Forest (Conservation) Amendment Bill, 2023",Member,Lok Sabha,2023-03-29
183,2502,"Joint Committee on the Waqf (Amendment) Bill, 2024",Member,Lok Sabha,2024-08-13
184,2506,MPLADS,Member,Rajya Sabha,2024-10-23
185,2506,Committee on Welfare of Other Backward Classes,Member,Lok Sabha,2025-09-09
186,2506,Petroleum & Natural Gas,Member,Lok Sabha,2025-09-26
187,2505,Commerce,Member,Rajya Sabha,2025-09-26
188,2505,Empowerment of Women,Member,Lok Sabha,2025-04-21
189,2505,"Joint Committee on the Jan Vishwas (Amendment of Provisions) Bill, 2022",Member,Lok Sabha,2022-12-22
190,2505,Welfare of Scheduled Castes and Scheduled Tribes,Member,Lok Sabha,2025-05-01
191,238,Petitions,Member,Rajya Sabha,2024-10-22
192,238,Home Affairs,Member,Rajya Sabha,2025-09-26
193,238,JCCA and UTB,Member,Lok Sabha,2025-11-12
194,2507,Subordinate Legislation,Member,Rajya Sabha,2024-10-22
195,2507,Water Resources,Member,Lok Sabha,2025-09-26
196,2508,Finance,Member,Lok Sabha,2025-09-26
197,2511,Petitions,Member,Rajya Sabha,2024-10-22
198,2511,Chemicals & Fertilizers,Member,Lok Sabha,2025-09-26
199,2511,Welfare of Scheduled Castes and Scheduled Tribes,Member,Lok Sabha,2025-05-01
200,2064,Government Assurances,Member,Rajya Sabha,2025-07-24
201,2064,Energy,Member,Lok Sabha,2025-09-26
202,2064,JCCA and UTB,Member,Lok Sabha,2025-11-12
203,2064,Joint Committee on Salaries and Allowances of Members of Parliament,Member,Lok Sabha,2025-07-24
204,2064,"Joint Committee on the Forest (Conservation) Amendment Bill, 2023",Member,Lok Sabha,2023-03-29
205,2512,"Education, Women, Children, Youth and Sports",Member,Rajya Sabha,2025-09-26
206,2513,Petitions,Member,Rajya Sabha,2024-10-22
207,2513,Water Resources,Member,Lok Sabha,2025-09-26
208,2515,Petitions,Member,Rajya Sabha,2024-10-22
209,2515,Rules,Member,Rajya Sabha,2024-12-31
210,2515,"Science and Technology, Environment, Forests and Climate Change",Member,Rajya Sabha,2025-09-26
211,2514,Housing and Urban Affairs,Member,Lok Sabha,2025-09-26
212,2516,House Committee,Member,Rajya Sabha,2024-04-02
213,2516,"Transport, Tourism and Culture",Member,Rajya Sabha,2025-09-26
214,2516,Welfare of Scheduled Castes and Scheduled Tribes,Member,Lok Sabha,2025-05-01
215,2518,Information and Communication Technology Management in Rajya Sabha,Member,Rajya Sabha,2024-10-23
216,2518,Defence,Member,Lok Sabha,2025-09-26
217,2520,Health and Family Welfare,Member,Rajya Sabha,2025-09-26
218,2522,Papers Laid on the table,Member,Rajya Sabha,2024-10-22
219,2522,MPLADS,Member,Rajya Sabha,2024-10-23
220,2522,External Affairs,Member,Lok Sabha,2025-09-26
221,2521,Housing and Urban Affairs,Member,Lok Sabha,2025-09-26
222,2524,Petroleum & Natural Gas,Member,Lok Sabha,2025-09-26
223,2525,Information and Communication Technology Management in Rajya Sabha,Chairman,Rajya Sabha,2024-11-29
224,2525,Health and Family Welfare,Member,Rajya Sabha,2025-09-26
225,2525,General Purposes Committee,Member,Rajya Sabha,2025-11-13
226,2526,Information and Communication Technology Management in Rajya Sabha,Member,Rajya Sabha,2025-03-03
227,2526,Communications and Information Technology,Member,Lok Sabha,2025-09-26
228,2526,JCCA and UTB,Member,Lok Sabha,2025-11-12
229,2526,"Joint Committee on the Multi-State Co-operative Societies (Amendment) Bill, 2022",Member,Lok Sabha,2022-12-29
230,2081,"Science and Technology, Environment, Forests and Climate Change",Member,Rajya Sabha,2025-09-26
231,2527,Industry,Member,Rajya Sabha,2025-09-26
232,2527,Committee on Welfare of Other Backward Classes,Member,Lok Sabha,2025-09-09
233,2527,"Joint Committee on the Jan Vishwas (Amendment of Provisions) Bill, 2022",Member,Lok Sabha,2022-12-22
234,2529,Defence,Member,Lok Sabha,2025-09-26
235,2528,"Consumer Affairs, Food and Public Distribution",Member,Lok Sabha,2025-09-26
236,2531,Subordinate Legislation,Member,Rajya Sabha,2024-10-22
237,2531,"Consumer Affairs, Food and Public Distribution",Member,Lok Sabha,2025-09-26
238,2530,Health and Family Welfare,Member,Rajya Sabha,2025-09-26
239,2532,Rural Development and Panchayati Raj,Member,Lok Sabha,2025-09-26
240,2532,Joint Committee on Offices of Profit,Member,Lok Sabha,2024-10-08
241,2532,"Joint Committee on the Constitution (One Hundred and Twenty-Ninth Amendment) Bill, 2024 and the Union Territories Laws (Amendment) Bill, 2024",Member,Lok Sabha,2024-12-23
242,2534,"Transport, Tourism and Culture",Member,Rajya Sabha,2025-09-26
243,2533,"Consumer Affairs, Food and Public Distribution",Member,Lok Sabha,2025-09-26
244,2533,Social Justice & Empowerment,Member,Lok Sabha,2025-09-26
245,2533,Welfare of Scheduled Castes and Scheduled Tribes,Member,Lok Sabha,2025-05-01
246,2535,Government Assurances,Member,Rajya Sabha,2024-10-22
247,2535,Housing and Urban Affairs,Member,Lok Sabha,2025-09-26
248,2535,"Joint Committee on the Forest (Conservation) Amendment Bill, 2023",Member,Lok Sabha,2023-03-29
249,2536,Subordinate Legislation,Member,Rajya Sabha,2024-10-22
250,2536,"Personnel, Public Grievances, Law and Justice",Member,Rajya Sabha,2025-09-26
251,2536,Committee on Welfare of Other Backward Classes,Member,Lok Sabha,2025-09-09
252,2536,JCCA and UTB,Member,Lok Sabha,2025-11-12
253,2537,Energy,Member,Lok Sabha,2025-09-26
254,2538,"Transport, Tourism and Culture",Member,Rajya Sabha,2025-09-26
255,2539,Government Assurances,Member,Rajya Sabha,2024-10-22
256,2539,Communications and Information Technology,Member,Lok Sabha,2025-09-26
257,2540,House Committee,Member,Rajya Sabha,2024-10-22
258,2540,"Joint Committee on the Constitution (One Hundred and Twenty-Ninth Amendment) Bill, 2024 and the Union Territories Laws (Amendment) Bill, 2024",Member,Lok Sabha,2024-12-23
259,2540,Petroleum & Natural Gas,Member,Lok Sabha,2025-09-26
260,2541,MPLADS,Member,Rajya Sabha,2024-10-23
261,2541,Industry,Member,Rajya Sabha,2025-09-26
262,2541,Joint Committee on Offices of Profit,Member,Lok Sabha,2024-10-08
263,2542,"Transport, Tourism and Culture",Member,Rajya Sabha,2025-09-26
264,2543,Rules,Member,Rajya Sabha,2025-11-10
265,2543,"Agriculture, Animal Husbandry and Food Processing",Member,Lok Sabha,2025-09-26
266,2544,Papers Laid on the table,Member,Rajya Sabha,2024-10-22
267,2544,Commerce,Member,Rajya Sabha,2025-09-26
268,2544,"Joint Committee on the Multi-State Co-operative Societies (Amendment) Bill, 2022",Member,Lok Sabha,2022-12-29
269,2545,Rural Development and Panchayati Raj,Member,Lok Sabha,2025-09-26
270,2546,Commerce,Member,Rajya Sabha,2025-09-26
271,2546,"Joint Committee on the Multi-State Co-operative Societies (Amendment) Bill, 2022",Member,Lok Sabha,2022-12-29
272,2547,Ethics,Chairman,Rajya Sabha,2024-10-10
273,2547,Rules,Member,Rajya Sabha,2024-12-31
274,2547,"Education, Women, Children, Youth and Sports",Member,Rajya Sabha,2025-09-26
275,2547,General Purposes Committee,Member,Rajya Sabha,2025-11-13
276,2547,Joint Committee on Offices of Profit,Member,Lok Sabha,2024-10-08
277,2547,"Joint Committee on the Constitution (One Hundred and Twenty-Ninth Amendment) Bill, 2024 and the Union Territories Laws (Amendment) Bill, 2024",Member,Lok Sabha,2024-12-23
278,2547,"Joint Committee on the Jan Vishwas (Amendment of Provisions) Bill, 2022",Member,Lok Sabha,2022-12-22
279,2547,"Joint Committee on the Multi-State Co-operative Societies (Amendment) Bill, 2022",Member,Lok Sabha,2022-12-29
280,2548,"Agriculture, Animal Husbandry and Food Processing",Member,Lok Sabha,2025-09-26
281,2548,"Joint Committee on the Constitution (One Hundred and Twenty-Ninth Amendment) Bill, 2024 and the Union Territories Laws (Amendment) Bill, 2024",Member,Lok Sabha,2024-12-23
282,2549,House Committee,Member,Rajya Sabha,2024-04-02
283,2549,Rules,Member,Rajya Sabha,2024-12-31
284,2549,"Joint Committee on the Constitution (One Hundred and Twenty-Ninth Amendment) Bill, 2024 and the Union Territories Laws (Amendment) Bill, 2024",Member,Lok Sabha,2024-12-23
285,2549,Railways,Member,Lok Sabha,2025-09-26
286,2553,Government Assurances,Member,Rajya Sabha,2024-10-22
287,2553,Finance,Member,Lok Sabha,2025-09-26
288,2554,"Consumer Affairs, Food and Public Distribution",Member,Lok Sabha,2025-09-26
289,2555,MPLADS,Member,Rajya Sabha,2024-10-23
290,2555,Petroleum & Natural Gas,Member,Lok Sabha,2025-09-26
291,2555,Welfare of Scheduled Castes and Scheduled Tribes,Member,Lok Sabha,2025-05-01
292,2556,Business Advisory Committee,Member,Rajya Sabha,2024-11-25
293,2556,Home Affairs,Chairman,Rajya Sabha,2025-09-26
294,2556,General Purposes Committee,Member,Rajya Sabha,2025-11-13
295,2556,"Joint Committee on the Jan Vishwas (Amendment of Provisions) Bill, 2022",Member,Lok Sabha,2022-12-22
296,2556,"Joint Committee on the Waqf (Amendment) Bill, 2024",Member,Lok Sabha,2024-08-13
297,2557,Rules,Member,Rajya Sabha,2024-12-31
298,2557,External Affairs,Member,Lok Sabha,2025-09-26
299,2557,JCCA and UTB,Member,Lok Sabha,2025-11-12
300,2557,"Joint Committee on the Constitution (One Hundred and Twenty-Ninth Amendment) Bill, 2024 and the Union Territories Laws (Amendment) Bill, 2024",Member,Lok Sabha,2024-12-23
301,2557,Public Accounts,Member,Lok Sabha,2025-05-01
302,2557,Railways,Member,Lok Sabha,2025-09-26
303,2558,Papers Laid on the table,Chairman,Rajya Sabha,2024-10-22
304,2558,Business Advisory Committee,Member,Rajya Sabha,2024-11-25
305,2558,General Purposes Committee,Member,Rajya Sabha,2025-11-13
306,2558,Energy,Member,Lok Sabha,2025-09-26
307,2559,Subordinate Legislation,Member,Rajya Sabha,2024-10-22
308,2559,Industry,Member,Rajya Sabha,2025-09-26
309,2560,Committee on Welfare of Other Backward Classes,Member,Lok Sabha,2025-09-09
310,2560,"Labour, Textiles and Skill Development",Member,Lok Sabha,2025-09-26
311,2562,Rules,Member,Rajya Sabha,2024-12-31
312,2562,"Consumer Affairs, Food and Public Distribution",Member,Lok Sabha,2025-12-15
313,2561,House Committee,Member,Rajya Sabha,2024-10-22
314,2561,Railways,Member,Lok Sabha,2025-09-26
315,2563,Health and Family Welfare,Member,Rajya Sabha,2025-09-26
316,2564,Government Assurances,Member,Rajya Sabha,2024-10-22
317,2564,"Coal, Mines and Steel",Member,Lok Sabha,2025-09-26
318,2565,Papers Laid on the table,Member,Rajya Sabha,2024-10-22
319,2565,"Coal, Mines and Steel",Member,Lok Sabha,2025-09-26
320,2567,"Joint Committee on the Waqf (Amendment) Bill, 2024",Member,Lok Sabha,2024-08-13
321,2567,Water Resources,Member,Lok Sabha,2025-09-26
322,2566,Social Justice & Empowerment,Member,Lok Sabha,2025-09-26
323,2569,Social Justice & Empowerment,Member,Lok Sabha,2025-09-26
324,2568,Rural Development and Panchayati Raj,Member,Lok Sabha,2025-09-26
325,2571,Subordinate Legislation,Member,Rajya Sabha,2024-10-22
326,2571,Rules,Member,Rajya Sabha,2024-12-31
327,2571,Privileges,Member,Rajya Sabha,2025-10-31
328,2571,Communications and Information Technology,Member,Lok Sabha,2025-09-26
329,2572,Information and Communication Technology Management in Rajya Sabha,Member,Rajya Sabha,2024-10-23
330,2572,Energy,Member,Lok Sabha,2025-09-26
331,2572,"Joint Committee on the Waqf (Amendment) Bill, 2024",Member,Lok Sabha,2024-08-13
332,2574,Information and Communication Technology Management in Rajya Sabha,Member,Rajya Sabha,2024-10-23
333,2574,Communications and Information Technology,Member,Lok Sabha,2025-09-26
334,2574,"Joint Committee on the Constitution (One Hundred and Twenty-Ninth Amendment) Bill, 2024 and the Union Territories Laws (Amendment) Bill, 2024",Member,Lok Sabha,2024-12-23
335,2575,Subordinate Legislation,Member,Rajya Sabha,2024-10-22
336,2575,Commerce,Member,Rajya Sabha,2025-09-26
337,2577,"Consumer Affairs, Food and Public Distribution",Member,Lok Sabha,2025-09-26
338,2576,Government Assurances,Member,Rajya Sabha,2024-10-22
339,2576,Health and Family Welfare,Member,Rajya Sabha,2025-09-26
340,2578,Rural Development and Panchayati Raj,Member,Lok Sabha,2025-09-26
341,2579,Subordinate Legislation,Member,Rajya Sabha,2024-10-22
342,2579,"Transport, Tourism and Culture",Member,Rajya Sabha,2025-09-26
343,2580,Rural Development and Panchayati Raj,Member,Lok Sabha,2025-09-26
344,2582,"Education, Women, Children, Youth and Sports",Member,Rajya Sabha,2025-10-16
345,2582,Empowerment of Women,Member,Lok Sabha,2025-04-21
346,2581,Finance,Member,Lok Sabha,2025-09-26
347,2583,External Affairs,Member,Lok Sabha,2025-09-26
348,2584,Joint Committee on Salaries and Allowances of Members of Parliament,Member,Lok Sabha,2025-03-24
349,2584,Petroleum & Natural Gas,Member,Lok Sabha,2025-09-26
350,2585,"Transport, Tourism and Culture",Member,Rajya Sabha,2025-12-15
351,2585,Empowerment of Women,Member,Lok Sabha,2025-04-21
352,2585,JCCA and UTB,Member,Lok Sabha,2025-11-12
353,2587,Ethics,Member,Rajya Sabha,2024-10-10
354,2587,Railways,Member,Lok Sabha,2025-09-26
355,2586,Subordinate Legislation,Member,Rajya Sabha,2024-10-22
356,2586,"Transport, Tourism and Culture",Member,Rajya Sabha,2025-09-26
357,2588,Finance,Member,Lok Sabha,2025-09-26
358,2588,"Joint Committee on the Constitution (One Hundred and Twenty-Ninth Amendment) Bill, 2024 and the Union Territories Laws (Amendment) Bill, 2024",Member,Lok Sabha,2025-03-24
359,2589,Water Resources,Member,Lok Sabha,2025-09-26
360,2590,"Education, Women, Children, Youth and Sports",Member,Rajya Sabha,2025-09-26
361,2590,Committee on Welfare of Other Backward Classes,Member,Lok Sabha,2025-09-09
362,2591,"Transport, Tourism and Culture",Chairman,Rajya Sabha,2025-09-26
363,2591,General Purposes Committee,Member,Rajya Sabha,2025-11-13
364,2591,"Joint Committee on the Constitution (One Hundred and Twenty-Ninth Amendment) Bill, 2024 and the Union Territories Laws (Amendment) Bill, 2024",Member,Lok Sabha,2024-12-23
365,2591,Water Resources,Member,Lok Sabha,2025-10-06
366,2592,MPLADS,Member,Rajya Sabha,2024-10-23
367,2592,Home Affairs,Member,Rajya Sabha,2025-09-26
368,2593,"Coal, Mines and Steel",Member,Lok Sabha,2025-09-26
369,2593,Welfare of Scheduled Castes and Scheduled Tribes,Member,Lok Sabha,2025-05-01
370,2595,Industry,Member,Rajya Sabha,2025-09-26
371,2594,"Labour, Textiles and Skill Development",Member,Lok Sabha,2025-09-26
372,2596,Committee on Welfare of Other Backward Classes,Member,Lok Sabha,2025-09-09
373,2596,Petroleum & Natural Gas,Member,Lok Sabha,2025-09-26
374,2597,Chemicals & Fertilizers,Member,Lok Sabha,2025-09-26
375,2598,Energy,Member,Lok Sabha,2025-09-26
376,2599,Home Affairs,Member,Rajya Sabha,2025-09-26
377,2600,"Science and Technology, Environment, Forests and Climate Change",Member,Rajya Sabha,2025-09-26
378,2601,Health and Family Welfare,Member,Rajya Sabha,2025-09-26
379,2601,Committee on Welfare of Other Backward Classes,Member,Lok Sabha,2025-09-09
380,2602,Water Resources,Member,Lok Sabha,2025-09-26
381,2602,Welfare of Scheduled Castes and Scheduled Tribes,Member,Lok Sabha,2025-05-01
382,2603,"Agriculture, Animal Husbandry and Food Processing",Member,Lok Sabha,2025-09-26
383,2604,Empowerment of Women,Member,Lok Sabha,2025-04-21
384,2604,Housing and Urban Affairs,Member,Lok Sabha,2025-09-26
385,2605,Ethics,Member,Rajya Sabha,2024-10-10
386,2605,Housing and Urban Affairs,Member,Lok Sabha,2025-09-26
387,2605,"Joint Committee on the Waqf (Amendment) Bill, 2024",Member,Lok Sabha,2024-08-13
388,10,House Committee,Member,Rajya Sabha,2024-04-02
389,10,Ethics,Member,Rajya Sabha,2024-10-10
390,10,General Purposes Committee,Member,Rajya Sabha,2025-11-13
391,10,Defence,Member,Lok Sabha,2025-09-26
392,2607,Public Accounts,Member,Lok Sabha,2025-05-01
393,2607,Water Resources,Member,Lok Sabha,2025-09-26
394,2606,Health and Family Welfare,Member,Rajya Sabha,2025-09-26
395,2606,General Purposes Committee,Member,Rajya Sabha,2025-11-13
396,2608,Subordinate Legislation,Chairman,Rajya Sabha,2024-10-22
397,2608,Rules,Member,Rajya Sabha,2024-12-31
398,2608,General Purposes Committee,Member,Rajya Sabha,2025-11-13
399,2608,"Coal, Mines and Steel",Member,Lok Sabha,2025-10-16
400,2608,Public Undertakings,Member,Lok Sabha,2025-05-01
401,2609,Petroleum & Natural Gas,Member,Lok Sabha,2025-09-26
402,2168,MPLADS,Member,Rajya Sabha,2024-10-23
403,2168,Railways,Member,Lok Sabha,2025-09-26
404,2610,Papers Laid on the table,Member,Rajya Sabha,2024-10-22
405,2610,Information and Communication Technology Management in Rajya Sabha,Member,Rajya Sabha,2024-10-23
406,2610,"Coal, Mines and Steel",Member,Lok Sabha,2025-09-26
407,2611,Communications and Information Technology,Member,Lok Sabha,2025-09-26
408,2612,Chemicals & Fertilizers,Member,Lok Sabha,2025-09-26
409,2614,External Affairs,Member,Lok Sabha,2025-09-26
410,2614,Joint Committee on Salaries and Allowances of Members of Parliament,Member,Lok Sabha,2025-03-24
411,2613,"Personnel, Public Grievances, Law and Justice",Member,Rajya Sabha,2025-09-26
412,2615,"Agriculture, Animal Husbandry and Food Processing",Member,Lok Sabha,2025-09-26
413,2616,Empowerment of Women,Member,Lok Sabha,2025-04-21
414,2616,Railways,Member,Lok Sabha,2025-09-26
415,2618,Industry,Member,Rajya Sabha,2025-09-26
416,2617,Commerce,Member,Rajya Sabha,2025-09-26
417,2617,Empowerment of Women,Member,Lok Sabha,2025-04-21
418,2619,Social Justice & Empowerment,Member,Lok Sabha,2025-09-26
419,2619,Welfare of Scheduled Castes and Scheduled Tribes,Member,Lok Sabha,2025-05-01
420,2620,Home Affairs,Member,Rajya Sabha,2025-09-26
421,2621,Empowerment of Women,Member,Lok Sabha,2025-04-21
422,2621,External Affairs,Member,Lok Sabha,2025-09-26
423,2622,Housing and Urban Affairs,Member,Lok Sabha,2025-09-26
424,2622,Public Undertakings,Member,Lok Sabha,2025-05-01
425,2623,Petitions,Member,Rajya Sabha,2024-10-22
426,2623,Committee on Welfare of Other Backward Classes,Member,Lok Sabha,2025-09-09
427,2623,Railways,Member,Lok Sabha,2025-09-26
428,2624,Petroleum & Natural Gas,Member,Lok Sabha,2025-09-26
429,2181,Ethics,Member,Rajya Sabha,2024-10-10
430,2181,Business Advisory Committee,Member,Rajya Sabha,2024-11-25
431,2181,Home Affairs,Member,Rajya Sabha,2025-09-26
432,2181,General Purposes Committee,Member,Rajya Sabha,2025-11-13
433,2181,"Joint Committee on the Personal Data Protection Bill, 2019",Member,Lok Sabha,2019-12-11
434,2184,Rules,Member,Rajya Sabha,2024-12-31
435,2184,"Personnel, Public Grievances, Law and Justice",Member,Rajya Sabha,2025-09-26
436,2184,"Joint Committee on the Jan Vishwas (Amendment of Provisions) Bill, 2022",Member,Lok Sabha,2022-12-22
437,2184,"Joint Committee on the Multi-State Co-operative Societies (Amendment) Bill, 2022",Member,Lok Sabha,2022-12-29
438,2184,Public Accounts,Member,Lok Sabha,2025-05-01
439,2625,"Agriculture, Animal Husbandry and Food Processing",Member,Lok Sabha,2025-09-26
440,2627,"Coal, Mines and Steel",Member,Lok Sabha,2025-09-26
441,2187,"Joint Committee on the Forest (Conservation) Amendment Bill, 2023",Member,Lok Sabha,2023-03-29
442,2628,"Coal, Mines and Steel",Member,Lok Sabha,2025-09-26
443,2629,"Education, Women, Children, Youth and Sports",Member,Rajya Sabha,2025-09-26
444,2629,Empowerment of Women,Member,Lok Sabha,2025-04-21
445,2630,"Agriculture, Animal Husbandry and Food Processing",Member,Lok Sabha,2025-09-26
446,2631,Home Affairs,Member,Rajya Sabha,2025-09-26
447,385,"Transport, Tourism and Culture",Member,Rajya Sabha,2025-09-26
448,2633,Health and Family Welfare,Member,Rajya Sabha,2025-09-26
449,2633,Social Justice & Empowerment,Member,Lok Sabha,2025-09-26
450,2198,Government Assurances,Member,Rajya Sabha,2024-10-22
451,2198,"Transport, Tourism and Culture",Member,Rajya Sabha,2025-09-26
452,2198,"Joint Committee on the Waqf (Amendment) Bill, 2024",Member,Lok Sabha,2024-08-13
453,2634,"Personnel, Public Grievances, Law and Justice",Member,Rajya Sabha,2025-09-26
454,2634,Privileges,Member,Rajya Sabha,2025-10-31
455,2634,JCCA and UTB,Member,Lok Sabha,2025-11-12
456,2635,Information and Communication Technology Management in Rajya Sabha,Member,Rajya Sabha,2024-10-23
457,2635,Housing and Urban Affairs,Member,Lok Sabha,2025-09-26
458,2637,Defence,Member,Lok Sabha,2025-09-26
459,2638,"Agriculture, Animal Husbandry and Food Processing",Member,Lok Sabha,2025-09-26
460,2202,"Joint Committee on the Forest (Conservation) Amendment Bill, 2023",Member,Lok Sabha,2023-03-29
461,2640,Health and Family Welfare,Member,Rajya Sabha,2025-09-26
462,2641,Commerce,Member,Rajya Sabha,2025-09-26
463,2204,General Purposes Committee,Member,Rajya Sabha,2025-11-13
464,870,"Agriculture, Animal Husbandry and Food Processing",Member,Lok Sabha,2025-09-26
465,2642,"Education, Women, Children, Youth and Sports",Member,Rajya Sabha,2025-09-26
466,2642,Rules,Member,Rajya Sabha,2025-11-10
467,2643,"Science and Technology, Environment, Forests and Climate Change",Member,Rajya Sabha,2025-09-26
468,2644,Communications and Information Technology,Member,Lok Sabha,2025-09-26
469,2645,Defence,Member,Lok Sabha,2025-09-26
470,2645,JCCA and UTB,Member,Lok Sabha,2025-11-12
471,2210,Committee in the Rajya Sabha to study the alarming issue of pornography on social media and its effect on children and society as a whole,Member,Rajya Sabha,2019-12-12
472,2646,"Education, Women, Children, Youth and Sports",Member,Rajya Sabha,2025-09-26
473,2647,"Personnel, Public Grievances, Law and Justice",Member,Rajya Sabha,2025-09-26
474,2647,Ethics,Member,Rajya Sabha,2025-11-19
475,2648,Social Justice & Empowerment,Member,Lok Sabha,2025-09-26
476,2649,Defence,Member,Lok Sabha,2025-09-26
477,2650,Rural Development and Panchayati Raj,Member,Lok Sabha,2025-09-26
478,2651,"Agriculture, Animal Husbandry and Food Processing",Member,Lok Sabha,2025-09-26
479,2654,"Labour, Textiles and Skill Development",Member,Lok Sabha,2025-12-05
480,2653,Rural Development and Panchayati Raj,Member,Lok Sabha,2025-09-26
481,2655,"Consumer Affairs, Food and Public Distribution",Member,Lok Sabha,2025-12-05
482,2652,"Science and Technology, Environment, Forests and Climate Change",Member,Rajya Sabha,2025-09-26
483,2657,"Consumer Affairs, Food and Public Distribution",Member,Lok Sabha,2025-12-05
484,2656,"Coal, Mines and Steel",Member,Lok Sabha,2025-12-05
485,2658,"Labour, Textiles and Skill Development",Member,Lok Sabha,2025-12-05
486,2236,Commerce,Member,Rajya Sabha,2025-09-26
487,2236,Empowerment of Women,Member,Lok Sabha,2025-04-21
488,2236,"Joint Committee on the Multi-State Co-operative Societies (Amendment) Bill, 2022",Member,Lok Sabha,2022-12-29
489,2245,Ethics,Member,Rajya Sabha,2024-10-10
490,2245,MPLADS,Member,Rajya Sabha,2024-10-23
491,2245,Business Advisory Committee,Member,Rajya Sabha,2024-11-25
492,2245,Finance,Member,Lok Sabha,2025-09-26
493,2245,Library Committee,Member,Lok Sabha,2023-10-09
494,2247,Communications and Information Technology,Member,Lok Sabha,2025-09-26
495,2251,"Science and Technology, Environment, Forests and Climate Change",Member,Rajya Sabha,2025-09-26
496,2258,Committee in the Rajya Sabha to study the alarming issue of pornography on social media and its effect on children and society as a whole,Member,Rajya Sabha,2019-12-12
497,2263,"Labour, Textiles and Skill Development",Member,Lok Sabha,2025-09-26
498,2268,"Joint Committee on the Biological Diversity (Amendment) Bill, 2021",Member,Lok Sabha,2021-12-20
499,2269,MPLADS,Chairman,Rajya Sabha,2024-10-23
500,2269,Business Advisory Committee,Member,Rajya Sabha,2024-11-25
501,2269,Rules,Member,Rajya Sabha,2024-12-31
502,2269,Privileges,Chairman,Rajya Sabha,2025-10-31
503,2269,General Purposes Committee,Member,Rajya Sabha,2025-11-13
504,2270,Committee in the Rajya Sabha to study the alarming issue of pornography on social media and its effect on children and society as a whole,Member,Rajya Sabha,2019-12-12
505,2279,"Education, Women, Children, Youth and Sports",Chairman,Rajya Sabha,2025-09-26
506,2279,General Purposes Committee,Member,Rajya Sabha,2025-11-13
507,2290,"Joint Committee on the Personal Data Protection Bill, 2019",Member,Lok Sabha,2019-12-11
508,2292,Committee in the Rajya Sabha to study the alarming issue of pornography on social media and its effect on children and society as a whole,Member,Rajya Sabha,2019-12-12
509,503,Commerce,Member,Rajya Sabha,2025-09-26
510,2295,Energy,Member,Lok Sabha,2025-09-26
511,2297,Subordinate Legislation,Member,Rajya Sabha,2024-10-22
512,2297,Home Affairs,Member,Rajya Sabha,2025-09-26
513,2297,JCCA and UTB,Member,Lok Sabha,2025-11-12
514,2297,"Joint Committee on the Biological Diversity (Amendment) Bill, 2021",Member,Lok Sabha,2021-12-20
515,2302,"Joint Committee on the Personal Data Protection Bill, 2019",Member,Lok Sabha,2019-12-11
516,2307,Committee in the Rajya Sabha to study the alarming issue of pornography on social media and its effect on children and society as a whole,Member,Rajya Sabha,2019-12-12
517,2307,House Committee,Member,Rajya Sabha,2024-04-02
518,2307,Commerce,Chairman,Rajya Sabha,2025-09-26
519,2307,General Purposes Committee,Member,Rajya Sabha,2025-11-13
520,1866,Subordinate Legislation,Member,Rajya Sabha,2024-10-22
521,1866,Privileges,Member,Rajya Sabha,2025-10-31
522,1866,Chemicals & Fertilizers,Member,Lok Sabha,2025-09-26
523,2328,"Joint Committee on the Waqf (Amendment) Bill, 2024",Member,Lok Sabha,2024-08-13
524,2333,"Personnel, Public Grievances, Law and Justice",Member,Rajya Sabha,2025-09-26
525,2333,"Joint Committee on the Jan Vishwas (Amendment of Provisions) Bill, 2022",Member,Lok Sabha,2022-12-22
526,2333,"Joint Committee on the Personal Data Protection Bill, 2019",Member,Lok Sabha,2019-12-11
527,74,"Personnel, Public Grievances, Law and Justice",Member,Rajya Sabha,2025-09-26
528,2343,Finance,Member,Lok Sabha,2025-09-26
529,2345,Committee in the Rajya Sabha to study the alarming issue of pornography on social media and its effect on children and society as a whole,Member,Rajya Sabha,2019-12-12
530,2345,"Joint Committee on the Personal Data Protection Bill, 2019",Member,Lok Sabha,2021-08-05
531,564,"Science and Technology, Environment, Forests and Climate Change",Member,Rajya Sabha,2025-09-26
532,2351,Finance,Member,Lok Sabha,2025-09-26
