id,srno,no_of_tours,purpose,tour_place,tour_date,timefrom,timeto,description
1,2442,1,Christmas Party,Darjeeling,2022-12-25,0 days 16:00:00,0 days 17:00:00,
2,2495,1,Test,Delhi,2023-02-28,0 days 10:00:00,0 days 11:10:00,
3,2620,1,Inauguration of AC Rake from Sealdah to Ranaghat ,Sealdah Railway Station ,2025-08-10,0 days 11:00:00,0 days 12:00:00,
4,1935,1,This is test event Name,Location,2023-01-13,0 days 00:10:00,0 days 04:09:00,"This is short description, it is an optional filed. "
5,1935,1,Event Name,short description,2022-12-24,0 days 00:14:00,0 days 04:19:00,Short Description
6,2495,1,Test,Delhi,2023-02-28,0 days 10:00:00,0 days 11:10:00,
7,2620,1,Inauguration of AC Rake from Sealdah to Ranaghat ,Sealdah Railway Station ,2025-08-10,0 days 11:00:00,0 days 12:00:00,
8,1935,2,This is test event Name,Location,2023-01-13,0 days 00:10:00,0 days 04:09:00,"This is short description, it is an optional filed. "
9,1935,2,Event Name,short description,2022-12-24,0 days 00:14:00,0 days 04:19:00,Short Description
10,2442,1,Christmas Party,Darjeeling,2022-12-25,0 days 16:00:00,0 days 17:00:00,
